Date,Strategy,Benchmark
2016-12-01,10551.556488391867,10202.715915897606
2017-01-01,10873.150757029804,10385.289313179355
2017-02-01,11531.240795463935,10793.344763966717
2017-03-01,11882.497631053639,10806.835808475164
2017-04-01,11833.188683442548,10914.10744903482
2017-05-01,12453.045651708602,11068.136422998725
2017-06-01,12713.042486978511,11138.694423625928
2017-07-01,13219.447830407224,11367.640854125806
2017-08-01,14089.972045161663,11400.809851835247
2017-09-01,14433.961407008992,11630.528125746907
2017-10-01,15923.405690264222,11904.592533160883
2017-11-01,16632.63962757106,12268.46643470285
2017-12-01,16144.286059335649,12417.254656761552
2018-01-01,17245.30538175514,13117.083943159889
2018-02-01,16652.698533168674,12640.139846351265
2018-03-01,16243.997726856596,12293.670527289038
2018-04-01,17219.89447952163,12357.20491502101
2018-05-01,20250.51656565341,12657.59631746373
2018-06-01,23266.606158986342,12730.38796157776
2018-07-01,23296.202895148723,13202.001312133796
2018-08-01,28322.236765229278,13623.405924449497
2018-09-01,29452.58725331893,13704.410566212
2018-10-01,24112.372310923583,12757.37815819352
2018-11-01,23111.445275491813,12994.017078494851
2018-12-01,20952.52403059577,11849.910021867814
2019-01-01,21855.107486165318,12798.682320602345
2019-02-01,22982.9065795881,13213.559505073245
2019-03-01,23342.83957555704,13452.736914578658
2019-04-01,23869.341883234287,14002.309692764158
2019-05-01,23928.09798344153,13109.368752081622
2019-06-01,25960.446403353973,14021.600913499376
2019-07-01,26489.158499027857,14233.601651615178
2019-08-01,26522.27460145184,13995.280404549721
2019-09-01,25272.77931595966,14267.598435168557
2019-10-01,25534.044025834373,14582.977544869882
2019-11-01,25984.001213579028,15110.858442296758
2019-12-01,26307.802093865066,15549.910865058097
2020-01-01,27510.985051679567,15543.633962018168
2020-02-01,26416.386706517937,14313.114495186843
2020-03-01,22883.5654491334,12525.812162500928
2020-04-01,27546.623277687973,14116.381987250315
2020-05-01,30333.727163548985,14788.962444629155
2020-06-01,31127.940472401304,15051.240024815741
2020-07-01,34231.43839314713,15937.635700935976
2020-08-01,37463.21074929946,17050.0306953693
2020-09-01,37501.419850930666,16411.620524159513
2020-10-01,35222.016414984115,16002.421901932436
2020-11-01,49762.13351320656,17743.107162674438
2020-12-01,51606.828304417504,18400.469656986956
2021-01-01,54614.61102283229,18212.957110477717
2021-02-01,58074.576899184445,18719.369086114704
2021-03-01,57473.51955335931,19569.222192638503
2021-04-01,59370.25444469696,20604.638778904817
2021-05-01,61755.60653706353,20739.92703809632
2021-06-01,65877.57855464512,21205.07295703914
2021-07-01,64462.89595747677,21722.74314445764
2021-08-01,66005.28519070234,22369.210647417727
2021-09-01,61562.13387199749,21326.677210869253
2021-10-01,68058.40307923422,22823.03673682768
2021-11-01,68065.0494150554,22639.66068725847
2021-12-01,67635.20386476569,23686.688976616733
2022-01-01,59717.947767524936,22437.423119693798
2022-02-01,61872.20479195822,21775.14255591083
2022-03-01,65715.34061383073,22593.67600802589
2022-04-01,63491.994119352516,20610.649752702036
2022-05-01,70960.980257352,20657.17115497936
2022-06-01,62218.95109927856,18953.777605968764
2022-07-01,67986.9831868552,20699.181489249182
2022-08-01,72755.97183013921,19854.61129414468
2022-09-01,71102.6945948942,18019.13360901333
2022-10-01,82260.520164042,19483.649729676454
2022-11-01,88956.19511476124,20566.77629221345
2022-12-01,80056.32166109589,19381.54911567178
2023-01-01,82716.21470765593,20600.40174773889
2023-02-01,82492.38567825616,20082.454280439266
2023-03-01,85032.59688562919,20827.064267638994
2023-04-01,85974.92418521438,21159.777423709944
2023-05-01,95176.52433322565,21257.454531774834
2023-06-01,106030.85384454243,22634.9339571212
2023-07-01,118081.60969570394,23375.848500759053
2023-08-01,115243.55123462508,22995.94749778421
2023-09-01,110119.43781937161,21905.141417603947
2023-10-01,108790.94150493846,21429.61290755685
2023-11-01,124227.45376834106,23387.077525184653
2023-12-01,133834.27555768847,24454.823972678056
2024-01-01,136688.51979165545,24844.298428390623
2024-02-01,162615.35898688986,26140.84455884448
2024-03-01,180208.2517830583,26995.69843234713
2024-04-01,173969.25484652602,25907.246798876757
2024-05-01,193993.05584849205,27217.624492991323
2024-06-01,188148.68206767703,28177.86580107781
2024-07-01,173335.641911501,28519.082206836534
2024-08-01,176139.73235917176,29185.43927132794
2024-09-01,194938.87970960108,29798.474279615533
2024-10-01,214130.73092910662,29532.561252098665
2024-11-01,261725.52719474706,31293.69063413424
2024-12-01,239500.20575825157,30540.760628981046
2025-01-01,257118.71351112926,31360.973975580575
2025-02-01,225618.28154380497,30962.851954920465
2025-03-01,194617.19316577585,29237.629506730453
2025-04-01,209295.7047191014,28984.134077632538
2025-05-01,228021.16714297739,30805.642369922505
2025-06-01,248207.79238098336,32388.618617576572
2025-07-01,248118.3678307884,33134.585816826
2025-08-01,255008.6310568139,33814.48257141904
2025-09-01,315781.5166629059,35018.97340285978
2025-10-01,347357.74700862577,35853.735024859525
2025-11-01,380276.43616299506,35923.6484713771
2025-12-01,407837.0355119968,35952.29748272028
2026-01-01,544680.2630299085,36482.155012750016
2026-02-01,663498.7760898445,36166.8764372746
2026-03-01,640525.6095750852,34380.97347615249
2026-04-01,899026.0715836737,37992.78553422754
2026-05-01,998614.2258622651,39992.18427469584
2026-06-01,1011170.0323973967,39580.56148040865
2026-07-01,780440.1754089261,39594.34439847618
2026-08-01,801470.8004911381,40655.44747946104
2026-09-01,894611.4990769592,40763.31097473772
